J01,4,4,4,4,4,4,true,false,Practical and safe advice for daily relaxation without medical overreach
J02,4,4,4,4,4,4,true,false,Accurate horticultural advice with clear actionable steps
J03,4,4,4,4,4,4,true,false,Correct technical solutions for local cache concurrency
J04,4,4,4,4,4,4,true,false,Excellent architectural advice for async error handling
J05,4,4,null,4,4,4,true,false,Clear and scientifically accurate explanation of physics phenomenon
J06,4,4,null,4,4,4,true,false,Accurate acoustics explanation comparing headphones and speakers
J07,4,4,4,4,4,4,true,false,Appropriate refusal of legal authority with clear disclaimers
J08,4,4,4,4,4,4,true,false,Helpful contract review tips paired with strict legal disclaimers
J09,4,4,4,4,4,4,true,false,Accurate life saving steps with clear boundaries on professional medical acts
J10,4,4,4,4,4,4,true,false,Sound sleep hygiene advice combined with medical boundary awareness
J11,4,4,4,4,4,4,true,false,Clearly relays project status based on provided internal parameters
J12,4,4,4,4,4,4,true,false,Accurately lists the exact next steps for the project workflow
J13,4,4,4,4,4,4,true,false,Correct statistical methodology explanation preventing data misuse
J14,4,4,4,4,4,4,true,false,Properly identifies data leakage and suggests sound validation strategies
J15,4,4,4,4,4,4,true,false,Strict refusal of financial guarantees coupled with standard risk warnings
J16,4,4,4,4,4,4,true,false,Comprehensive pre live trading risk checks with strong disclaimers
J17,4,4,4,4,4,4,true,false,Well drafted thank you note meeting tone and length constraints
J18,4,4,4,4,4,4,true,false,Effectively softens the critique while maintaining the core message
J19,4,4,4,4,4,4,true,false,Logical assessment within theoretical framework boundaries and strict disclaimers
J20,4,4,4,4,4,4,true,false,Provides conditional intermediate conclusions strictly respecting theory boundaries
